id,prediction
1,E A D
2,E A D
3,E A D
4,E A D
5,E A D
6,E A D
7,E A D
8,E A D
9,E A D
10,E A D
11,E A D
12,E A D
13,E A D
14,E A D
15,E A D
16,E A D
17,E A D
18,E A D
19,E A D
20,E A D
21,E A D
22,E A D
23,E A D
24,E A D
25,E A D
26,E A D
27,E A D
28,E A D
29,E A D
30,E A D
31,E A D
32,E A D
33,E A D
34,E A D
35,E A D
36,E A D
37,E A D
38,E A D
39,E A D
40,E A D
41,E A D
42,E A D
43,E A D
44,E A D
45,E A D
46,E A D
47,E A D
48,E A D
49,E A D
50,E A D
51,E A D
52,E A D
53,E A D
54,E A D
55,E A D
56,E A D
57,E A D
58,E A D
59,E A D
60,E A D
61,E A D
62,E A D
63,E A D
64,E A D
65,E A D
66,E A D
67,E A D
68,E A D
69,E A D
70,E A D
71,E A D
72,E A D
73,E A D
74,E A D
75,E A D
76,E A D
77,E A D
78,E A D
79,E A D
80,E A D
81,E A D
82,E A D
83,E A D
84,E A D
85,E A D
86,E A D
87,E A D
88,E A D
89,E A D
90,E A D
91,E A D
92,E A D
93,E A D
94,E A D
95,E A D
96,E A D
97,E A D
98,E A D
99,E A D
100,E A D
101,E A D
102,E A D
103,E A D
104,E A D
105,E A D
106,E A D
107,E A D
108,E A D
109,E A D
110,E A D
111,E A D
112,E A D
113,E A D
114,E A D
115,E A D
116,E A D
117,E A D
118,E A D
119,E A D
120,E A D
121,E A D
122,E A D
123,E A D
124,E A D
125,E A D
126,E A D
127,E A D
128,E A D
129,E A D
130,E A D
131,E A D
132,E A D
133,E A D
134,E A D
135,E A D
136,E A D
137,E A D
138,E A D
139,E A D
140,E A D
141,E A D
142,E A D
143,E A D
144,E A D
145,E A D
146,E A D
147,E A D
148,E A D
149,E A D
150,E A D
151,E A D
152,E A D
153,E A D
154,E A D
155,E A D
156,E A D
157,E A D
158,E A D
159,E A D
160,E A D
161,E A D
162,E A D
163,E A D
164,E A D
165,E A D
166,E A D
167,E A D
168,E A D
169,E A D
170,E A D
171,E A D
172,E A D
173,E A D
174,E A D
175,E A D
176,E A D
177,E A D
178,E A D
179,E A D
180,E A D
181,E A D
182,E A D
183,E A D
184,E A D
185,E A D
186,E A D
187,E A D
188,E A D
189,E A D
190,E A D
191,E A D
192,E A D
193,E A D
194,E A D
195,E A D
196,E A D
197,E A D
198,E A D
199,E A D
200,E A D
201,E A D
202,E A D
203,E A D
204,E A D
205,E A D
206,E A D
207,E A D
208,E A D
209,E A D
210,E A D
211,E A D
212,E A D
213,E A D
214,E A D
215,E A D
216,E A D
217,E A D
218,E A D
219,E A D
220,E A D
221,E A D
222,E A D
223,E A D
224,E A D
225,E A D
226,E A D
227,E A D
228,E A D
229,E A D
230,E A D
231,E A D
232,E A D
233,E A D
234,E A D
235,E A D
236,E A D
237,E A D
238,E A D
239,E A D
240,E A D
241,E A D
242,E A D
243,E A D
244,E A D
245,E A D
246,E A D
247,E A D
248,E A D
249,E A D
250,E A D
251,E A D
252,E A D
253,E A D
254,E A D
255,E A D
256,E A D
257,E A D
258,E A D
259,E A D
260,E A D
261,E A D
262,E A D
263,E A D
264,E A D
265,E A D
266,E A D
267,E A D
268,E A D
269,E A D
270,E A D
271,E A D
272,E A D
273,E A D
274,E A D
275,E A D
276,E A D
277,E A D
278,E A D
279,E A D
280,E A D
281,E A D
282,E A D
283,E A D
284,E A D
285,E A D
286,E A D
287,E A D
288,E A D
289,E A D
290,E A D
291,E A D
292,E A D
293,E A D
294,E A D
295,E A D
296,E A D
297,E A D
298,E A D
299,E A D
300,E A D
301,E A D
302,E A D
303,E A D
304,E A D
305,E A D
306,E A D
307,E A D
308,E A D
309,E A D
310,E A D
311,E A D
312,E A D
313,E A D
314,E A D
315,E A D
316,E A D
317,E A D
318,E A D
319,E A D
320,E A D
321,E A D
322,E A D
323,E A D
324,E A D
325,E A D
326,E A D
327,E A D
328,E A D
329,E A D
330,E A D
331,E A D
332,E A D
333,E A D
334,E A D
335,E A D
336,E A D
337,E A D
338,E A D
339,E A D
340,E A D
341,E A D
342,E A D
343,E A D
344,E A D
345,E A D
346,E A D
347,E A D
348,E A D
349,E A D
350,E A D
351,E A D
352,E A D
353,E A D
354,E A D
355,E A D
356,E A D
357,E A D
358,E A D
359,E A D
360,E A D
361,E A D
362,E A D
363,E A D
364,E A D
365,E A D
366,E A D
367,E A D
368,E A D
369,E A D
370,E A D
371,E A D
372,E A D
373,E A D
374,E A D
375,E A D
376,E A D
377,E A D
378,E A D
379,E A D
380,E A D
381,E A D
382,E A D
383,E A D
384,E A D
385,E A D
386,E A D
387,E A D
388,E A D
389,E A D
390,E A D
391,E A D
392,E A D
393,E A D
394,E A D
395,E A D
396,E A D
397,E A D
398,E A D
399,E A D
400,E A D
401,E A D
402,E A D
403,E A D
404,E A D
405,E A D
406,E A D
407,E A D
408,E A D
409,E A D
410,E A D
411,E A D
412,E A D
413,E A D
414,E A D
415,E A D
416,E A D
417,E A D
418,E A D
419,E A D
420,E A D
421,E A D
422,E A D
423,E A D
424,E A D
425,E A D
426,E A D
427,E A D
428,E A D
429,E A D
430,E A D
431,E A D
432,E A D
433,E A D
434,E A D
435,E A D
436,E A D
437,E A D
438,E A D
439,E A D
440,E A D
441,E A D
442,E A D
443,E A D
444,E A D
445,E A D
446,E A D
447,E A D
448,E A D
449,E A D
450,E A D
451,E A D
452,E A D
453,E A D
454,E A D
455,E A D
456,E A D
457,E A D
458,E A D
459,E A D
460,E A D
461,E A D
462,E A D
463,E A D
464,E A D
465,E A D
466,E A D
467,E A D
468,E A D
469,E A D
470,E A D
471,E A D
472,E A D
473,E A D
474,E A D
475,E A D
476,E A D
477,E A D
478,E A D
479,E A D
480,E A D
481,E A D
482,E A D
483,E A D
484,E A D
485,E A D
486,E A D
487,E A D
488,E A D
489,E A D
490,E A D
491,E A D
492,E A D
493,E A D
494,E A D
495,E A D
496,E A D
497,E A D
498,E A D
499,E A D
500,E A D
